[
  {
    "dominio": "ESTACIO.CORP",
    "marcas": "estacio.br",
    "unidades": [
      "ABDIAS DE CARVALHO",
      "ALAGOINHAS",
      "ALCÂNTARA",
      "ALEXANDRINO",
      "ANANINDEUA",
      "ANGRA DOS REIS",
      "ARACAJU",
      "ASA SUL",
      "BARRA DA TIJUCA - TOM JOBIM",
      "BARRA II - PARQUE DAS ROSAS",
      "BARRA III - VARGEM PEQUENA",
      "BELÉM",
      "BOA VISTA",
      "BROOKLIN",
      "BROOKLIN - MGT",
      "CABO FRIO",
      "CAMPO GRANDE (RJ)",
      "CAMPOS DOS GOYTACAZES",
      "CAMPUS FORA DE OFERTA",
      "CAMPUS VIRTUAL",
      "CAMPUS VIRTUAL - UNISEB",
      "CANDELÁRIA",
      "CANINDÉ",
      "CARAPICUÍBA",
      "CASTANHAL",
      "CASTANHAL - MED",
      "CENTRO (CE)",
      "CENTRO (MS)",
      "CENTRO (RS)",
      "CENTRO I - PRESIDENTE VARGAS",
      "CENTRO V - ARCOS DA LAPA",
      "CHÁCARA FLORA",
      "CITTÀ",
      "CONCEIÇÃO",
      "CONSTANTINO NERY",
      "COPACABANA - DORIVAL CAYMMI",
      "COSTA AZUL",
      "COTIA - EUROPAN",
      "COTIA - FAAC",
      "CRISTO REI",
      "CUIABÁ",
      "CURITIBA",
      "DJALMA BATISTA",
      "DUQUE DE CAXIAS",
      "DUQUE DE CAXIAS II",
      "EAD JABAQUARA - SP",
      "EAD SANTO AMARO II - SP",
      "ESTAÇÃO",
      "FAC. BRASÍLIA",
      "FAMEC",
      "FAP - PIMENTA BUENO",
      "FAPAN",
      "FEIRA DE SANTANA",
      "FINTEC",
      "FLORESTA",
      "FLORIANÓPOLIS CENTRO",
      "FRATELLI VITA",
      "FREGUESIA",
      "FSP",
      "GILBERTO GIL",
      "GOIÂNIA",
      "HOSPITALIDADE",
      "HOSPITALIDADE - TURISMO",
      "IBIÚNA",
      "IGUATU",
      "ILHA DO GOVERNADOR",
      "IMPERATRIZ",
      "INTERLAGOS",
      "JAGUARARI",
      "JARAGUÁ DO SUL",
      "JATIÚCA",
      "JOÃO PESSOA-IDEZ",
      "JOÃO PESSOA-UNIUOL",
      "JUAZEIRO",
      "JUAZEIRO DO NORTE",
      "MACAÉ",
      "MACAPÁ",
      "MACAPÁ - SEAMA",
      "MADUREIRA",
      "MANAUS",
      "MARACANÃ",
      "MARAJOARA - MGT",
      "MOEMA",
      "MOOCA",
      "MOREIRA CAMPOS",
      "NATAL FATERN",
      "NITERÓI",
      "NITERÓI II",
      "NITERÓI III",
      "NORTE SHOPPING",
      "NOVA AMÉRICA",
      "NOVA FRIBURGO",
      "NOVA IGUAÇU",
      "OURINHOS",
      "PARÁ",
      "PARANGABA",
      "PASSO DA AREIA",
      "PETRÓPOLIS",
      "PINHEIROS",
      "PÓLO  - VERBO DIVINO/SP",
      "PÓLO - ADOLFO",
      "PÓLO - AGUDOS/SP",
      "PÓLO - AMPARO",
      "PÓLO - ANÁPOLIS",
      "PÓLO - ARACRUZ",
      "PÓLO - ARAGUAÍNA",
      "PÓLO - ARAXÁ",
      "PÓLO - ARCO VERDE",
      "PÓLO - AVARÉ/SP",
      "PÓLO - BARRA DO PIRAÍ/RJ",
      "PÓLO - BELEM",
      "PÓLO - BELEM CREMAÇÃO/PA",
      "PÓLO - BELO HORIZONTE/MG",
      "PÓLO - BLUMENAU",
      "PÓLO - BOM DESPACHO",
      "PÓLO - CAIABU/SP",
      "PÓLO - CAICÓ",
      "PÓLO - CAMPINA GRANDE",
      "PÓLO - CANDIDO MOTA/SP",
      "PÓLO - CAPÃO REDONDO/SP",
      "PÓLO - CAPELA DO ALTO",
      "PÓLO - CATAGUASES",
      "POLO - CERQUILHO",
      "PÓLO - CORDEIRÓPOPLIS",
      "PÓLO - DIADEMA",
      "PÓLO - DIAMANTINA/MG",
      "PÓLO - FLORIANÓPOLIS",
      "PÓLO - FLORÍNIA/SP",
      "PÓLO - FORTALEZA 2/CE",
      "PÓLO - FORTALEZA/CE",
      "PÓLO - GOIÂNIA",
      "PÓLO - GOVERNADOR VALADARES/MG",
      "PÓLO - GUAIANÁSES/SP",
      "PÓLO - GUAXUPE/MG",
      "PÓLO - ILHA SOLTEIRA",
      "PÓLO - IPATINGA",
      "PÓLO - IPATINGA/MG - (PÓS)",
      "PÓLO - ITABIRA",
      "PÓLO - ITANHAEM/SP",
      "PÓLO - ITAUNA",
      "PÓLO - JABORANDI/SP",
      "PÓLO - JANAUBA",
      "PÓLO - JEREMOABO/BA",
      "POLO - JOINVILLE/SC",
      "PÓLO - LAPA/PR",
      "PÓLO - LAVINIA",
      "PÓLO - LUCÉLIA/SP",
      "PÓLO - MACEIO",
      "PÓLO - MANHUACU",
      "PÓLO - NATAL/RN",
      "PÓLO - NATAL/RN",
      "PÓLO - NOVA FRIBURGO/RJ",
      "PÓLO - OSVALDO CRUZ/SP",
      "PÓLO - PALESTINA/SP",
      "PÓLO - PALMARES/PE",
      "PÓLO - PEREIRA BARRETO",
      "PÓLO - PERUÍBE/SP",
      "PÓLO - PIACATU/SP",
      "PÓLO - PINDAMONHAGABA",
      "PÓLO - PONTA GROSSA/PR",
      "PÓLO - PONTE NOVA/MG",
      "PÓLO - PORTEIRINHA/MG",
      "PÓLO - PRATA/MG",
      "PÓLO - PRIGULE/SP",
      "PÓLO - QUINTANA/SP",
      "PÓLO - RECIFE/PE",
      "PÓLO - RESENDE/RJ",
      "PÓLO - RIO DE JANEIRO/RJ",
      "PÓLO - ROSEIRAS/SP",
      "PÓLO - SANTO ANASTÁCIO/SP",
      "PÓLO - SANTO ANTONIO DO ARACANGUA/SP",
      "PÓLO - SANTO ESTEVÃO/BA",
      "PÓLO - SÃO JOÃO DEL REI",
      "PÓLO - SÃO LUÍS",
      "PÓLO - SÃO MIGUEL DO IGUAÇU/PR",
      "PÓLO - SÃO MIGUEL/SP",
      "PÓLO - SÃO PAULO/FIC",
      "PÓLO - SÃO PAULO/SP - PENHA",
      "PÓLO - SÃO SEBASTÃO/DF",
      "PÓLO - SERRA AZUL/SP - NAME",
      "PÓLO - SOLONÓPOLE/CE",
      "PÓLO - TANGARÁ DA SERRA",
      "PÓLO - TEÓFOLI OTONI/MG",
      "PÓLO - TUPÃ",
      "PÓLO - UBERLANDIA",
      "PÓLO - VALPARAÍSO DE GOIÁS",
      "PÓLO - VARGINHA",
      "PÓLO - VARGINHA II",
      "PÓLO - VIRADOURO/SP",
      "PÓLO - VITÓRIA",
      "POLO 25 DE AGOSTO - DUQUE DE CAXIAS - RJ",
      "POLO ABDIAS - RECIFE - PE",
      "POLO ALCÂNTARA - SÃO GONÇALO - RJ",
      "POLO ALEXANDRINO - NATAL - RN",
      "POLO APEÚ - CASTANHAL - PA",
      "POLO BARRA WORLD - RECREIO - RJ",
      "POLO BARREIROS II - SÃO JOSÉ - SC",
      "POLO CABO FRIO - RJ",
      "POLO CACOAL",
      "POLO CAMPESTRE",
      "POLO CAMPOS DOS GOYTACAZES - RJ",
      "POLO CENTRO - FORTALEZA - CE",
      "POLO CENTRO - PORTO ALEGRE - RS",
      "POLO CENTRO - VASSOURAS - RJ",
      "POLO CENTRO - VILA VELHA - ES",
      "POLO CENTRO I - CAMPO GRANDE - MS",
      "POLO CENTRO I - CAMPO GRANDE - MS",
      "POLO CENTRO I - CAMPO GRANDE - MS",
      "POLO CENTRO I - CAMPO GRANDE - MS",
      "POLO CENTRO I - CAMPO GRANDE - MS",
      "POLO CENTRO I - CAMPO GRANDE - MS",
      "POLO CENTRO I - CAMPO GRANDE - MS",
      "POLO CENTRO I - CAMPO GRANDE - MS",
      "POLO CENTRO I - RIO DE JANEIRO - RJ",
      "POLO CENTRO II - SANTO ANDRÉ - SP",
      "POLO CEREJEIRAS",
      "POLO CHAPADA - MANAUS - AM",
      "POLO CID UNIVERSIT. - JUAZEIRO DO NORTE - CE",
      "POLO CLAUDIO",
      "POLO CONCEIÇÃO - SÃO PAULO - SP",
      "POLO COPACABANA - RIO DE JANEIRO - RJ",
      "POLO COQUEIRO - ANANINDEUA - PA",
      "POLO CRISTO REI - CURITIBA - PR",
      "POLO CRUZ. DO SUL - JUIZ DE FORA - MG",
      "POLO CURVELO",
      "POLO DIAMANTE - SÃO LUIS - MA",
      "POLO DISTR ANGRA DOS REIS - RJ",
      "POLO DISTR BARREIROS - SÃO JOSÉ - SC",
      "POLO DISTR BOA VIAGEM - RECIFE - PE",
      "POLO DISTR CALCADA  - SALVADOR - BA",
      "POLO DISTR CALÇADA FRATELI - SALVADOR - BA",
      "POLO DISTR CENTRO - ANDRELÂNDIA - MG",
      "POLO DISTR CENTRO - FORTALEZA - CE",
      "POLO DISTR CENTRO II - VILA VELHA - ES",
      "POLO DISTR ESTAÇÃO II - GOIÂNIA - GO",
      "POLO DISTR JD BOTÂNICO - RIO DE JANEIRO - RJ",
      "POLO DISTR MARACANÃ - RJ",
      "POLO DISTR PASSO DA AREIA - PORTO ALEGRE - RS",
      "POLO DISTR PQ GET VARGAS - FEIRA DE SANTANA - BA",
      "POLO DISTR RIBEIRÃO PRETO - SP",
      "POLO DISTR TAG. SUL - BRASÍLIA - DF",
      "POLO DISTR TAGUAT. SUL - BRASÍLIA - DF",
      "POLO DISTR VIA CORPUS II - FORTALEZA - CE",
      "POLO DISTR VILA DOS REMÉDIOS - SP",
      "POLO DISTR ZONA NORTE - NATAL - RN",
      "POLO DIVINOLANDIA/SP",
      "POLO DUQUE DE CAXIAS - RJ",
      "POLO ESTAÇÃO - GOIÂNIA - GO",
      "POLO FAP - PIMENTA BUENO - RO",
      "POLO FAPAN - CÁCERES - MT",
      "POLO FLORESTA - BELO HORIZONTE - MG",
      "POLO FORMIGA",
      "POLO FSP - RO",
      "POLO ILHA - FLORIANÓPOLIS - SC",
      "POLO ILHA DO GOVERNADOR - RJ",
      "POLO INTERLAGOS - SÃO PAULO - SP",
      "POLO ITANHANDU",
      "POLO JACUECANGA I - ANGRA DOS REIS - RJ",
      "POLO JATIÚCA - MACEIÓ - AL",
      "POLO JD CAMBURI - VITÓRIA - ES",
      "POLO JD EQUATORIAL - MACAPÁ - AP",
      "POLO LAGUINHO - MACAPÁ - AP",
      "POLO LAVRAS",
      "POLO LENÇOIS PAULISTAS",
      "POLO LEOPOLDINA",
      "POLO MACAÉ - RIO DE JANEIRO - RJ",
      "POLO MACHADO",
      "POLO MADUREIRA - RIO DE JANEIRO - RJ",
      "POLO MANAÍRA - JOÃO PESSOA - PB",
      "POLO MARACANÃ - RIO DE JANEIRO - RJ",
      "POLO NANUQUE",
      "POLO NAZARÉ - BELÉM - PA",
      "POLO NITERÓI - RJ",
      "POLO NORTE SHOPPING - RIO DE JANEIRO - RJ",
      "POLO NOVA AMÉRICA - RIO DE JANEIRO - RJ",
      "POLO NOVA FRIBURGO - RJ",
      "POLO NOVA IGUAÇU - RJ",
      "POLO NOVA OURINHOS - OURINHOS - SP",
      "POLO NOVA SERRANA",
      "POLO PAPAGAIOS",
      "POLO PARANGABA - FORTALEZA - CE",
      "POLO PETRÓPOLIS - RJ",
      "POLO PIRAPORA",
      "POLO PONTA NEGRA - NATAL - RN",
      "POLO PRADO - BELO HORIZONTE - MG",
      "POLO QUEIMADOS - RJ",
      "POLO R9 - TAQUARA - RJ",
      "POLO REDUTO - BELÉM - PA",
      "POLO RESENDE - RJ",
      "POLO RIBEIRANIA - RIBEIRÃO PRETO - SP",
      "POLO RIO BRANCO - JUIZ DE FORA - MG",
      "POLO RIO PARNAÍBA",
      "POLO SALGADO FILHO - ARACAJU - SE",
      "POLO SANTA CRUZ - RIO DE JANEIRO - RJ",
      "POLO SANTA MÔNICA - FEIRA DE SANTANA - BA",
      "POLO SANTO AMARO - SÃO PAULO - SP",
      "POLO SÃO JOÃO - TERESINA - PI",
      "POLO STIEP GIL - SALVADOR - BA",
      "POLO SULACAP - RIO DE JANEIRO - RJ",
      "POLO TOM JOBIM - BARRA DA TIJUCA - RJ",
      "POLO TRÊS PONTAS",
      "POLO TV MORENA - CAMPO GRANDE - MS",
      "POLO UNIÃO - BOA VISTA - RR",
      "POLO UNIJIPA - RO",
      "POLO UNIMETA - AC",
      "POLO VÁRZEA - TERESÓPOLIS - RJ",
      "POLO VENDA NOVA - BELO HORIZONTE - MG",
      "POLO VIA BRASIL - RIO DE JANEIRO - RJ",
      "POLO VIA CORPVS - FORTALEZA - CE",
      "POLO VILAR DOS TELES - SÃO JOÃO DE MERITI - RJ",
      "POLO VL GUSTAVO COR - CARAPICUÍBA - SP",
      "POLO VOLTA REDONDA - RJ",
      "POLO WEST SHOPPING - CAMPO GRANDE - RJ",
      "PRAÇA XI - MARACANÃ",
      "PRADO",
      "QUEIMADOS",
      "QUIXADÁ",
      "R9 - TAQUARA",
      "RECREIO",
      "RESENDE",
      "RIBEIRANIA",
      "RIO BRANCO (MG)",
      "RIO GRANDE DO NORTE - FCC",
      "RIO PRETO",
      "SAN MARTIN",
      "SANTO AMARO",
      "SANTO ANDRÉ",
      "SÃO JOÃO DE MERITI",
      "SÃO JOSÉ",
      "SÃO LUÍS",
      "SULACAP",
      "TAGUATINGA",
      "TERESINA",
      "TERESÓPOLIS",
      "TV MORENA",
      "UNIDADE PÓS - BADIM",
      "UNIDADE PÓS - PERINATAL",
      "UNIDADE PÓS - SANTA CASA",
      "UNIDADE PÓS - SOC. BRAS. DE OFTALMOLOGIA",
      "UNIDADE PÓS BELA VISTA",
      "UNIDADE PÓS CP - ARUJA",
      "UNIDADE PÓS CP - CAXIAS",
      "UNIDADE PÓS CP - ESTEIO",
      "UNIDADE PÓS CP - MANAUS",
      "UNIJIPA",
      "UNIMETA",
      "VENDA NOVA",
      "VIA BRASIL - IRAJÁ",
      "VIA CORPVS",
      "VILA DOS REMÉDIOS",
      "VILA FORMOSA",
      "VILA VELHA",
      "VISTA CARIOCA",
      "VITÓRIA",
      "VITÓRIA-FIB",
      "VOLTA REDONDA",
      "ZONA NORTE (RN)",
      "ZONA SUL"
    ]
  },
  {
    "dominio": "EDUC.CORP",
    "marcas": "area1.edu.br",
    "unidades": [
      "SALVADOR – IMBUÍ",
      "SALVADOR - IMBUÍ – PARALELA",
      "SALVADOR - IMBUÍ - PARALELA II"
    ]
  },
  {
    "dominio": "EDUC.CORP",
    "marcas": "damasio.edu.br",
    "unidades": ["DAMÁSIO - LIBERDADE"]
  },
  {
    "dominio": "EDUC.CORP",
    "marcas": "facimp.edu.br",
    "unidades": ["IMPERATRIZ - RESIDENCIAL JK"]
  },
  {
    "dominio": "EDUC.CORP",
    "marcas": "faculdadeideal.edu.br",
    "unidades": ["BELÉM - BATISTA CAMPOS - TUPINAMBÁS"]
  },
  {
    "dominio": "EDUC.CORP",
    "marcas": "fmf.edu.br",
    "unidades": ["ADRIANÓPOLIS I"]
  },
  {
    "dominio": "EDUC.CORP",
    "marcas": "ibmec.edu.br",
    "unidades": [
      "AÇAILÂNDIA",
      "ASA NORTE",
      "BARRA I - IBMEC",
      "BELO HORIZONTE - FUNCIONÁRIOS",
      "CAMPINAS - VILA INDUSTRIAL",
      "CENTRO I - IBMEC",
      "EAD IBMEC  - CAXIAS DO SUL - SÃO PELEGRINO - RS",
      "EAD IBMEC  - CHAPECÓ - CENTRO - SC",
      "EAD IBMEC  - COLINAS DO TOCANTINS - CENTRO - TO",
      "EAD IBMEC  - CORNÉLIO PROCÓPIO - CENTRO - PR",
      "EAD IBMEC  - COXIM - FLAVIO GARCIA - MS",
      "EAD IBMEC  - CUIABÁ - DESPRAIADO - MT",
      "EAD IBMEC  - DIVINÓPOLIS - CENTRO - MG",
      "EAD IBMEC  - DOURADOS - CENTRO - MS",
      "EAD IBMEC  - DRACENA - CENTRO - SP",
      "EAD IBMEC  - ERECHIM - CENTRO - RS",
      "EAD IBMEC  - FEIRA DE SANTANA - CENTRO - BA",
      "EAD IBMEC  - FORTALEZA - ALDEOTA - CE",
      "EAD IBMEC  - FRANCA - PROLONGAMENTO VILA APARECID",
      "EAD IBMEC  - GOIÂNIA - SETOR NOVA SUIÇA - GO",
      "EAD IBMEC  - GOVERNADOR VALADARES - CENTRO - MG",
      "EAD IBMEC  - GUARULHOS - CENTRO - SP",
      "EAD IBMEC  - IMPERATRIZ - JARDIM SÃO LUIS - MA",
      "EAD IBMEC  - ITAJAÍ - DOM BOSCO - SC",
      "EAD IBMEC  - ITAPERUNA - CENTRO - RJ",
      "EAD IBMEC  - JI-PARANÁ - CENTRO - RO",
      "EAD IBMEC  - JOÃO PESSOA - MANAÍRA - PB",
      "EAD IBMEC  - JOINVILLE - CENTRO - SC",
      "EAD IBMEC  - JUIZ DE FORA - CENTRO - MG",
      "EAD IBMEC  - LAGES - CENTRO - SC",
      "EAD IBMEC  - LINS - CENTRO - SP",
      "EAD IBMEC  - LONDRINA - GUANABARA - PR",
      "EAD IBMEC  - MACAPÁ - SANTA RITA - AP",
      "EAD IBMEC  - MACEIÓ - PINHEIRO - AL",
      "EAD IBMEC  - MANAUS - NOSSA SENHORA DAS GRAÇAS -",
      "EAD IBMEC  - MARINGÁ - ZONA 02 - PR",
      "EAD IBMEC  - NATAL - CAPIM MACIO - RN",
      "EAD IBMEC  - NOVA ANDRADINA - CENTRO - MS",
      "EAD IBMEC  - NOVA FRIBURGO - CENTRO - RJ",
      "EAD IBMEC  - OSASCO - CENTRO - SP",
      "EAD IBMEC  - PALMAS - PLANO DIRETOR NORTE - TO",
      "EAD IBMEC  - PASSO FUNDO - CENTRO - RS",
      "EAD IBMEC  - PASSOS - CENTRO - MG",
      "EAD IBMEC  - PATOS - BRASÍLIA - PB",
      "EAD IBMEC  - PELOTAS - CENTRO - RS",
      "EAD IBMEC  - PIRACICABA - CENTRO - SP",
      "EAD IBMEC  - PORTO ALEGRE - CENTRO HISTÓRICO - RS",
      "EAD IBMEC  - PORTO VELHO - EMBRATEL - RO",
      "EAD IBMEC  - QUIRINÓPOLIS - CENTRO - GO",
      "EAD IBMEC  - RECIFE - SOLEDADE - PE",
      "EAD IBMEC  - RIBEIRÃO PRETO - VILA SEIXAS - SP",
      "EAD IBMEC  - RIO BRANCO - VILAGE WILDE MACIEL - A",
      "EAD IBMEC  - RIO DO SUL - JARDIM AMÉRICA - SC",
      "EAD IBMEC  - RIO GRANDE - CASSINO - RS",
      "EAD IBMEC  - RIO VERDE - SETOR CENTRAL - GO",
      "EAD IBMEC  - RONDONÓPOLIS - VILA AURORA I - MT",
      "EAD IBMEC  - SALVADOR - PITUBA - BA",
      "EAD IBMEC  - SANTA HELENA DE GOIÁS - SETOR CENTRA",
      "EAD IBMEC  - SANTO ANDRÉ - JARDIM - SP",
      "EAD IBMEC  - SANTOS - ENCRUZILHADA - SP",
      "EAD IBMEC  - SÃO CARLOS - JARDIM BRASIL - SP",
      "EAD IBMEC  - SÃO JOSÉ - CAMPINAS - SC",
      "EAD IBMEC  - SÃO JOSÉ DO RIO PRETO - BOA VISTA -",
      "EAD IBMEC  - SÃO JOSÉ DOS CAMPOS - VILA ADYANA -",
      "EAD IBMEC  - SÃO LUÍS - SÃO FRANCISCO - MA",
      "EAD IBMEC  - SÃO PAULO - CERQUEIRA CÉSAR - SP",
      "EAD IBMEC  - SÃO PAULO - LIBERDADE - SP",
      "EAD IBMEC  - SÃO PAULO - PARQUE SÃO JORGE - SP",
      "EAD IBMEC  - SINOP - SETOR COMERCIAL - MT",
      "EAD IBMEC  - TATUÍ - CENTRO - SP",
      "EAD IBMEC  - TAUBATÉ - CENTRO - SP",
      "EAD IBMEC  - TERESINA - CENTRO - PI",
      "EAD IBMEC  - UBERABA - CENTRO - MG",
      "EAD IBMEC  - UMUARAMA - ZONA II - PR",
      "EAD IBMEC  - UNAÍ - CENTRO - MG",
      "EAD IBMEC  - VALENÇA - SÃO FÉLIX - BA",
      "EAD IBMEC  - VARGINHA - VILA PINTO - MG",
      "EAD IBMEC  - VIDEIRA - CENTRO - SC",
      "EAD IBMEC  - VILA VELHA - CENTRO - ES",
      "EAD IBMEC  - VITÓRIA - BENTO FERREIRA - ES",
      "EIXO MONUMENTAL,JI-PARANÁ",
      "PAULISTA",
      "POLO CAMPINAS - VILA INDUSTRIAL - SP",
      "SUDOESTE",
      "UNIDADE PÓS - DUNAS",
      "UNIDADE PÓS - IBMEC IDOMED",
      "UNIDADE PÓS - IMBIRIBEIRA"
    ]
  },
  {
    "dominio": "EDUC.CORP",
    "marcas": "unifacid.edu.br",
    "unidades": ["TERESINA - HORTO FLORESTAL"]
  },
  {
    "dominio": "EDUC.CORP",
    "marcas": "unifanor.edu.br",
    "unidades": [
      "BEZERRA DE MENEZES",
      "DUNAS – CE",
      "POLO BEZERRA DE MENEZES – CE",
      "POLO DUNAS - CE"
    ]
  },
  {
    "dominio": "EDUC.CORP",
    "marcas": "unifavip.edu.br",
    "unidades": [
      "CAMPUS VIRTUAL – WYDEN",
      "CARUARU – INDIANÓPOLIS",
      "POLO FACI JURUNAS - BELÉM – PA",
      "POLO FACIMP KUBITSCHEK - IMPERATRIZ – MA",
      "POLO FMF ADRIANOPOLIS - MANAUS – AM",
      "POLO UNIFACID HORTO FLORESTAL - TERESINA – PI",
      "POLO UNIFAVIP INDIANÓPOLIS - CARUARU – PE",
      "POLO UNIRUY PARALELA - SALVADOR - BA"
    ]
  },
  {
    "dominio": "EDUC.CORP",
    "marcas": "unifbv.edu.br",
    "unidades": ["IMBIRIBEIRA – RECIFE", "POLO IMBIRIBEIRA – RECIFE PE"]
  },
  {
    "dominio": "EDUC.CORP",
    "marcas": "unitoledo.br",
    "unidades": [
      "ARAÇATUBA - UNITOLEDO",
      "CAMPUS VIRTUAL - UNITOLEDO",
      "POLO JD SUMARÉ - ARAÇATUBA - SP"
    ]
  },
  {
    "dominio": "YDUQS.CORP",
    "marcas": "yduqs.com.br",
    "unidades": [
      "CORPORATIVO OFFICE PARK",
      "CORPORATIVO VENEZUELA",
      "CORPORATIVO MONTREAL"
    ]
  }
]
